Model,Rouge_Scores,Length_of_Summary,Training_Time,TOPSIS_Score,Rank
BERTSumExt,0.75,130,9,0.7093881169955338,2.0
GPT-3,0.82,150,12,0.2906118830044663,5.0
T5,0.78,140,10,0.5767927043814983,3.0
XLNet,0.76,135,11,0.421568561323758,4.0
BART,0.8,145,8,0.7895553082415276,1.0
Pegasus,0.79,138,13,0.2085207560628825,6.0
