Model	BLEU Score	Semantic Coherence	Factual Accuracy	Content Coverage	TOPSIS Score	Rank
facebook/bart-large-cnn	0.348812198	0.655735972	0.458348647	0.371619326	0.756144373	3
t5-large	0.33978762	0.755253974	0.457264602	0.408908354	0.815415414	2
sshleifer/distilbart-cnn-12-6	0.305259455	0.708327446	0.521720904	0.483918843	0.86514599	1
google/pegasus-large	0.361715316	0.707103657	0.420561581	0.363004447	0.726353658	4
allenai/led-large-16384-arxiv	0.152972697	0.24386818	0.284098502	0.186362324	0	5
